PLZ;ORTSCHAFTS;STRASSENNA;HAUSNUMMER;GEOMX;GEOMY
8142;Uitikon Waldegg;Urdorferstrasse;14;8.448195211;47.37270519
8142;Uitikon Waldegg;Schlierenstrasse;31;8.448413905;47.37355045
8142;Uitikon Waldegg;Schlierenstrasse;38;8.448001689;47.3741792
8142;Uitikon Waldegg;Lättenstrasse;89;8.448530733;47.37446112
8952;Schlieren;Uitikonerstrasse;31a;8.448911145;47.39481251
8952;Schlieren;Schulstrasse;1;8.448744716;47.39647787
8952;Schlieren;Engstringerstrasse;6;8.448612124;47.40148594
8952;Schlieren;Engstringerstrasse;8;8.448655522;47.40165771
8952;Schlieren;Ackerweg;6;8.449049234;47.40468094
8952;Schlieren;Limmatstrasse;6;8.448881533;47.40576984
8952;Schlieren;Limmataustrasse;4;8.44905133;47.4062745
8142;Uitikon Waldegg;Gläserenstrasse;4;8.449520381;47.37256368
8142;Uitikon Waldegg;Gläserenstrasse;2.1;8.449731492;47.37253125
8142;Uitikon Waldegg;Schlierenstrasse;32.1;8.448631321;47.37365485
8142;Uitikon Waldegg;Schlierenstrasse;18;8.449370464;47.37335138
8142;Uitikon Waldegg;Lättenstrasse;96;8.449466758;47.37480748
8142;Uitikon Waldegg;Lättenstrasse;75;8.449555881;47.3740649
8952;Schlieren;Dammweg;3;8.449194958;47.39430556
8952;Schlieren;Zwiegartenstrasse;8;8.449600349;47.39540136
8952;Schlieren;Schulstrasse;3;8.44919959;47.39652858
8952;Schlieren;Lilienweg;3;8.449875302;47.39716184
8952;Schlieren;Zürcherstrasse;6;8.449002926;47.39746976
8952;Schlieren;Zürcherstrasse;9;8.449694674;47.39799951
8952;Schlieren;Lilienweg;2;8.450063123;47.39733563
8952;Schlieren;Grabenstrasse;10;8.449216615;47.39870025
8952;Schlieren;Rütistrasse;12.1;8.450091317;47.40080211
8952;Schlieren;Rotbuchenweg;16;8.449345557;47.40250579
8952;Schlieren;Lachernweg;23;8.449198689;47.40504159
8952;Schlieren;Lachernweg;32.1;8.449997293;47.40565676
8952;Schlieren;Limmataustrasse;6;8.449535042;47.40646502
8952;Schlieren;Limmatstrasse;11;8.449620489;47.40616482
8103;Unterengstringen;Hönggerstrasse;2.1;8.449833283;47.41050273
8103;Unterengstringen;Obere Hönggerstrasse;8;8.450453693;47.41186884
8103;Unterengstringen;Weiningerstrasse;42;8.449356459;47.4124399
8103;Unterengstringen;Zürcherstrasse;42a;8.449939507;47.41342964
8103;Unterengstringen;Zürcherstrasse;42;8.449715308;47.41369915
8103;Unterengstringen;Zürcherstrasse;42.2;8.45017183;47.41376533
8142;Uitikon Waldegg;Zürcherstrasse;78;8.450559082;47.3704012
8142;Uitikon Waldegg;Urdorferstrasse;5;8.450981054;47.37082408
8142;Uitikon Waldegg;Schlierenstrasse;23;8.449846414;47.37281614
8142;Uitikon Waldegg;Lättenstrasse;63;8.450524589;47.37365245
8142;Uitikon Waldegg;Obere Stockrütistrasse;26;8.450446086;47.3755524
8952;Schlieren;Alter Zürichweg;10;8.450251417;47.39393672
8952;Schlieren;Alter Zürichweg;14a;8.451207994;47.39418396
8952;Schlieren;Alter Zürichweg;18;8.45126239;47.3946304
8952;Schlieren;Rainweg;2;8.450618948;47.39532375
8952;Schlieren;Zwiegartenstrasse;20.1;8.450716099;47.39573166
8952;Schlieren;Grabenstrasse;18;8.450547384;47.3970904
8952;Schlieren;Schulstrasse;16;8.451416571;47.39651928
8952;Schlieren;Römergasse;2;8.450744275;47.3976112
8952;Schlieren;Zürcherstrasse;13;8.450533103;47.3981897
8952;Schlieren;Leuengasse;4;8.450708983;47.39844178
8952;Schlieren;Zürcherstrasse;31;8.451362308;47.3983766
8952;Schlieren;Zürcherstrasse;35;8.45148768;47.39854786
8952;Schlieren;Grabenstrasse;3;8.451189839;47.39912048
8103;Unterengstringen;Hönggerstrasse;10;8.451143099;47.41059581
8103;Unterengstringen;Talacherstrasse;12.1;8.451289958;47.41370118
8142;Uitikon Waldegg;Schlierenstrasse;1;8.451710031;47.37122794
8142;Uitikon Waldegg;Zürcherstrasse;75;8.452235493;47.3708219
8142;Uitikon Waldegg;Haldenstrasse;67;8.4515144;47.37391591
8952;Schlieren;Gyrhalde;2;8.452603031;47.39422662
8952;Schlieren;Alter Zürichweg;21;8.451950728;47.39517661
8952;Schlieren;Rainweg;9;8.451600035;47.39580386
8952;Schlieren;Römergasse;11;8.452052159;47.39795917
8952;Schlieren;Bäckerstrasse;4;8.452054817;47.39748392
8952;Schlieren;Rütistrasse;26;8.452206939;47.40050086
8952;Schlieren;Rütistrasse;13;8.452275474;47.40108033
8952;Schlieren;Betschenrohr;1.1;8.451794122;47.4058894
8103;Unterengstringen;Hönggerstrasse;19.1;8.452590357;47.41096468
8103;Unterengstringen;Dahlienstrasse;4.1;8.451846812;47.41108412
8103;Unterengstringen;Langacherstrasse;10;8.452579174;47.4126208
8103;Unterengstringen;Talacherstrasse;20.2;8.452946122;47.41332841
8103;Unterengstringen;Talacherstrasse;20.3;8.452984914;47.41332174
8103;Unterengstringen;Bergstrasse;12.1;8.45267446;47.41361535
8142;Uitikon Waldegg;Langackerstrasse;61;8.452783395;47.36958787
8142;Uitikon Waldegg;Altenweg;3;8.452832795;47.37034997
8142;Uitikon Waldegg;Zürcherstrasse;71;8.452753219;47.3708205
8142;Uitikon Waldegg;Zürcherstrasse;62.1;8.452821684;47.37113842
8142;Uitikon Waldegg;Zürcherstrasse;67;8.453270126;47.37071349
8142;Uitikon Waldegg;Haldenstrasse;57;8.452970916;47.37362104
8142;Uitikon Waldegg;Haldenstrasse;58;8.453467883;47.37376311
8142;Uitikon Waldegg;Eduard Gut-Strasse;7;8.453513415;47.37415231
8952;Schlieren;Fluegartenstrasse;2;8.453186533;47.39464222
8952;Schlieren;Fluegartenstrasse;2c;8.453279718;47.39451948
8952;Schlieren;Alter Zürichweg;25;8.45319364;47.39514212
8952;Schlieren;Alter Zürichweg;33;8.453646803;47.39510959
8952;Schlieren;Schulstrasse;22;8.45322586;47.39705758
8952;Schlieren;Schulstrasse;30;8.454059029;47.39706914
8952;Schlieren;Schulstrasse;25b;8.452954289;47.39774708
8952;Schlieren;Schulstrasse;25a;8.453227219;47.39752618
8952;Schlieren;Schulstrasse;25;8.453234087;47.39734633
8952;Schlieren;Rütistrasse;21;8.453494839;47.40105713
8103;Unterengstringen;Max Gubler Strasse;25.1;8.45333005;47.41022299
8103;Unterengstringen;Hönggerstrasse;23;8.453597869;47.4109636
8103;Unterengstringen;Zürcherstrasse;31a;8.453479911;47.41187128
8103;Unterengstringen;Im Haggenacher;22;8.453510977;47.41127969
8103;Unterengstringen;Im Haggenacher;16;8.453521956;47.41137259
8103;Unterengstringen;Im Haggenacher;12;8.45358777;47.41108451
8103;Unterengstringen;Zürcherstrasse;29;8.453619542;47.41188269
8103;Unterengstringen;Langacherstrasse;3.1;8.453149887;47.41292206
8103;Unterengstringen;Langacherstrasse;7;8.453673386;47.41291215
8103;Unterengstringen;Bergstrasse;20;8.453163827;47.41398233
8103;Unterengstringen;Talacherring;6.1;8.454049708;47.41376096
8103;Unterengstringen;Talacherring;4;8.454089958;47.41364584
8142;Uitikon Waldegg;Zürcherstrasse;61;8.453688314;47.37034802
8142;Uitikon Waldegg;Allmendstrasse;3.2;8.453889681;47.37123259
8142;Uitikon Waldegg;Lättenstrasse;40;8.454133774;47.37265394
8142;Uitikon Waldegg;Chapfstrasse;25;8.453630746;47.37321682
8142;Uitikon Waldegg;Chapfstrasse;29;8.454779547;47.37361809
8142;Uitikon Waldegg;Eduard Gut-Strasse;6;8.453911977;47.37431591
8142;Uitikon Waldegg;Eduard Gut-Strasse;4;8.453998692;47.3743087
8952;Schlieren;Alter Zürichweg;39;8.45457938;47.3948715
8952;Schlieren;Schulstrasse;34a;8.454477751;47.39703314
8952;Schlieren;Allmendstrasse;6;8.454528679;47.39767267
8103;Unterengstringen;Hönggerstrasse;31.1;8.45465192;47.41091128
8103;Unterengstringen;Hönggerstrasse;35.1;8.45510759;47.41088028
8102;Oberengstringen;Hönggerstrasse;16;8.455527118;47.4108364
8103;Unterengstringen;Im Haggenacher;36;8.454718584;47.41112315
8103;Unterengstringen;Zürcherstrasse;3;8.454748572;47.41166715
8103;Unterengstringen;Talacherstrasse;27.1;8.454745208;47.41361711
8142;Uitikon Waldegg;Im Spilhöfler;2a;8.45534182;47.36984769
8142;Uitikon Waldegg;Zürcherstrasse;42;8.456008468;47.37022037
8142;Uitikon Waldegg;Chapfstrasse;12;8.455525258;47.37206219
8142;Uitikon Waldegg;Gnellenstrasse;4;8.455819489;47.37214276
8142;Uitikon Waldegg;Haldenstrasse;45;8.455410723;47.37316322
8142;Uitikon Waldegg;Chliwisstrasse;3;8.455542015;47.37393252
8142;Uitikon Waldegg;Haldenstrasse;43b;8.456100633;47.37321441
8142;Uitikon Waldegg;Chliwisstrasse;5;8.455572418;47.37413867
8142;Uitikon Waldegg;Chliwisstrasse;13.3;8.456111822;47.3741447
8952;Schlieren;Steinackerstrasse;48.1;8.455516942;47.3908552
8952;Schlieren;Kilchbühlstrasse;4;8.455888789;47.39473257
8952;Schlieren;Sonnenhofstrasse;12;8.456029901;47.39683169
8952;Schlieren;Sonnenhofstrasse;11.1;8.456467629;47.39688375
8952;Schlieren;Sonnenhofstrasse;3;8.456543715;47.39766491
8952;Schlieren;Wagistrasse;2;8.455636872;47.39853087
8102;Oberengstringen;Talstrasse;28;8.456056494;47.40904083
8102;Oberengstringen;Talstrasse;26;8.456394375;47.40890905
8102;Oberengstringen;Rauchackerstrasse;44;8.456699445;47.410005
8102;Oberengstringen;Hönggerstrasse;21;8.455837836;47.41036468
8102;Oberengstringen;Hönggerstrasse;17;8.456225506;47.41031183
8102;Oberengstringen;Hönggerstrasse;15;8.456691675;47.41030219
8102;Oberengstringen;Zürcherstrasse;156;8.456147066;47.41166818
8102;Oberengstringen;Zürcherstrasse;159;8.456264614;47.41118676
8103;Unterengstringen;Talacherstrasse;44;8.455772459;47.41266449
8102;Oberengstringen;Zürcherstrasse;160;8.455804415;47.41196401
8102;Oberengstringen;Im Rehpark;8;8.456539511;47.41232865
8103;Unterengstringen;Talacherring;20;8.45573168;47.41335611
8103;Unterengstringen;Talacherring;23;8.456512703;47.41365311
8142;Uitikon Waldegg;Binzmatt;2;8.456832934;47.36957292
8142;Uitikon Waldegg;Lättenstrasse;13;8.457110072;47.37045113
8142;Uitikon Waldegg;Lättenstrasse;20;8.45690544;47.37079301
8142;Uitikon Waldegg;Chliwisstrasse;25;8.457048343;47.37406278
8952;Schlieren;Alter Zürichweg;53a;8.457569454;47.39351846
8952;Schlieren;Alter Zürichweg;58.1;8.457700271;47.39297173
8952;Schlieren;Zürcherstrasse;68;8.456666256;47.39813789
8952;Schlieren;Wagistrasse;13a;8.45743896;47.39977305
8952;Schlieren;Gaswerkstrasse;2.1;8.457456324;47.40266323
8102;Oberengstringen;Talstrasse;19;8.457721932;47.40829768
8102;Oberengstringen;Winkelrainweg;3c;8.457937017;47.40855159
8102;Oberengstringen;Rauchackerstrasse;30;8.457990044;47.40962077
8102;Oberengstringen;Märzenbühlstrasse;13a;8.4576382;47.41233921
8142;Uitikon Waldegg;Haldenacherstrasse;10;8.458060613;47.37023346
8142;Uitikon Waldegg;Haldenacherstrasse;3;8.458469912;47.36985306
8142;Uitikon Waldegg;Haldenacherstrasse;4;8.458570926;47.37009608
8142;Uitikon Waldegg;Allmendstrasse;25;8.458317338;47.37274017
8142;Uitikon Waldegg;Haldenstrasse;38;8.457718385;47.37322986
8142;Uitikon Waldegg;Chliwisstrasse;28;8.457810197;47.37366117
8142;Uitikon Waldegg;Pfaffenacherstrasse;7.1;8.458278169;47.37321638
8142;Uitikon Waldegg;Pfaffenacherstrasse;16;8.458500692;47.37365664
8142;Uitikon Waldegg;Chliwisstrasse;24;8.458147192;47.37399005
8952;Schlieren;Moosstrasse;7;8.458819833;47.39731478
8952;Schlieren;Bodenweg;3;8.459138228;47.39724672
8952;Schlieren;Wagistrasse;12;8.458109108;47.39906963
8102;Oberengstringen;Dorfstrasse;33;8.459251099;47.40751906
8102;Oberengstringen;Talstrasse;7;8.458375969;47.40816132
8102;Oberengstringen;Neugutstrasse;8b;8.458620792;47.4077386
8102;Oberengstringen;Neugutstrasse;8a.1;8.458767749;47.40777466
8102;Oberengstringen;Dorfstrasse;35.1;8.459159795;47.40768303
8102;Oberengstringen;Winkelrainweg;3a;8.458251883;47.40848534
8102;Oberengstringen;Winkelrainweg;1b;8.458568003;47.40841884
8102;Oberengstringen;Winkelrainweg;9;8.458898341;47.40892455
8102;Oberengstringen;Märzenbühlstrasse;14;8.458261993;47.41268316
8102;Oberengstringen;Glärnischstrasse;5.1;8.458852954;47.41238355
8102;Oberengstringen;Sonnenbergstrasse;27;8.458660917;47.41288788
8102;Oberengstringen;Sonnenbergstrasse;25;8.458869302;47.4128047
8102;Oberengstringen;Sonnenbergstrasse;28;8.459439823;47.41287264
8102;Oberengstringen;Brunnhaldenstrasse;51b;8.45821929;47.41393513
8102;Oberengstringen;Brunnhaldenstrasse;36.1;8.458523968;47.41400297
8102;Oberengstringen;Brunnhaldenstrasse;30;8.459036924;47.41398653
8102;Oberengstringen;Brunnhaldenstrasse;26.1;8.459363151;47.41366093
8142;Uitikon Waldegg;Haldenstrasse;1;8.458908748;47.36964096
8142;Uitikon Waldegg;Haldenacherstrasse;2b;8.458998658;47.36996995
8142;Uitikon Waldegg;Haldenstrasse;5a;8.459092681;47.37026265
8142;Uitikon Waldegg;Haldenstrasse;4a;8.459580717;47.36971025
8142;Uitikon Waldegg;Haldenstrasse;22.1;8.458824873;47.37084227
8142;Uitikon Waldegg;Haldenstrasse;16.1;8.45966614;47.37055826
8142;Uitikon Waldegg;Höhenweg;16;8.459865432;47.37116131
8142;Uitikon Waldegg;Pfaffenacherstrasse;10;8.458728201;47.37337752
8952;Schlieren;Bernstrasse;27.1;8.460260053;47.40102195
8102;Oberengstringen;Allmendstrasse;3;8.459742286;47.40625828
8102;Oberengstringen;Dorfstrasse;18;8.459805424;47.40664761
8102;Oberengstringen;Dorfstrasse;32.1;8.460016199;47.40734767
8102;Oberengstringen;Kirchweg;151;8.460348163;47.40702927
8102;Oberengstringen;Dorfstrasse;22.1;8.460421568;47.40669781
8102;Oberengstringen;Dorfstrasse;24.1;8.4604378;47.4067248
8102;Oberengstringen;Dorfstrasse;41;8.459911422;47.40824763
8102;Oberengstringen;Dorfstrasse;34.1;8.460032276;47.40764988
8102;Oberengstringen;Im Winkel;3.3;8.459684555;47.40881107
8102;Oberengstringen;Dorfstrasse;49a;8.460201213;47.40870569
8102;Oberengstringen;Gartenstrasse;28;8.459540427;47.41136272
8102;Oberengstringen;Glärnischstrasse;16;8.460387437;47.41149897
8102;Oberengstringen;Glärnischstrasse;17;8.46061606;47.41176584
8102;Oberengstringen;Glärnischstrasse;15;8.460502948;47.41186869
8102;Oberengstringen;Brunnhaldenstrasse;37a;8.459594115;47.413375
8102;Oberengstringen;Brunnhaldenstrasse;27;8.460228212;47.41307899
8102;Oberengstringen;Brunnhaldenstrasse;25;8.460246505;47.41310694
8142;Uitikon Waldegg;Eichstrasse;10;8.460711249;47.36998619
8142;Uitikon Waldegg;Höhenweg;20;8.460674854;47.37105202
8142;Uitikon Waldegg;Allmendstrasse;30.6;8.46076576;47.37164837
8142;Uitikon Waldegg;Allmendstrasse;30.3;8.460990016;47.37278243
8142;Uitikon Waldegg;Allmendstrasse;30.4;8.461033947;47.37274428
8952;Schlieren;Schulstrasse;70;8.460684046;47.39618047
8952;Schlieren;Zürcherstrasse;94;8.460678456;47.3970776
8952;Schlieren;Wagistrasse;29;8.460462648;47.39892836
8952;Schlieren;Südstrasse;24;8.461499885;47.40077865
8952;Schlieren;Südstrasse;22;8.461646273;47.40074189
8102;Oberengstringen;Allmendstrasse;4;8.460633797;47.40634323
8102;Oberengstringen;Kirchwegsteig;4;8.460719609;47.40743203
8102;Oberengstringen;Kirchweg;145a;8.460805768;47.40690491
8102;Oberengstringen;Kirchweg;133.1;8.461514694;47.40706907
8102;Oberengstringen;Kirchwegsteig;22;8.460687561;47.40789768
8102;Oberengstringen;Kirchwegsteig;16;8.46086536;47.40764413
8102;Oberengstringen;Tobelackerweg;3;8.46088414;47.40834041
8102;Oberengstringen;Kirchweg;142;8.461103088;47.40753568
8102;Oberengstringen;Tobelackerweg;4.2;8.461353904;47.40802266
8102;Oberengstringen;Gartenstrasse;20.1;8.461054729;47.41083577
8102;Oberengstringen;Glärnischstrasse;19.1;8.460776708;47.41166124
8952;Schlieren;Schulstrasse;92;8.462818749;47.39554326
8952;Schlieren;Bernstrasse;19;8.461971495;47.40094215
8102;Oberengstringen;Fabrikstrasse;2b;8.461930933;47.40650471
8102;Oberengstringen;Fabrikstrasse;17.1;8.462511964;47.40619904
8102;Oberengstringen;Kirchweg;133;8.46188133;47.40702227
8102;Oberengstringen;Goldschmiedstrasse;21;8.46272572;47.40828888
8102;Oberengstringen;Goldschmiedstrasse;19;8.462742603;47.40828213
8102;Oberengstringen;Ankenhofstrasse;25;8.461973674;47.41171836
8102;Oberengstringen;Ankenhofstrasse;23;8.46247881;47.41158451
8102;Oberengstringen;Sonnenbergstrasse;12;8.46215859;47.41237419
8102;Oberengstringen;Sonnenbergstrasse;10;8.462386962;47.41214815
8102;Oberengstringen;Rütenenstrasse;2;8.463031624;47.41291567
8952;Schlieren;Pestalozziweg;19.2;8.464048482;47.3925246
8952;Schlieren;Zürcherstrasse;123;8.463832169;47.397293
8952;Schlieren;Bernstrasse;3;8.463512762;47.40050648
8952;Schlieren;Turmstrasse;8.1;8.46305505;47.40118922
8952;Schlieren;Turmstrasse;12;8.464119092;47.40095675
8952;Schlieren;Gaswerkstrasse;12;8.463366046;47.40288052
8102;Oberengstringen;Allmendstrasse;27;8.463453842;47.40574618
8102;Oberengstringen;Allmendstrasse;29;8.463269952;47.4057923
8102;Oberengstringen;Kirchweg;120;8.463767634;47.4070196
8102;Oberengstringen;Goldschmiedstrasse;13;8.463192608;47.40817838
8102;Oberengstringen;Zürcherstrasse;107b;8.463827429;47.40823333
8102;Oberengstringen;Ankenhofstrasse;12.3;8.463530155;47.41108963
8102;Oberengstringen;Brunnhaldenstrasse;1;8.463489396;47.41231967
8102;Oberengstringen;Rütenenstrasse;7a;8.463730151;47.41332204
8142;Uitikon Waldegg;Ringstrasse;1;8.463963637;47.3746044
8952;Schlieren;Pestalozziweg;5;8.46542266;47.39517028
8952;Schlieren;Pestalozziweg;10.1;8.465221783;47.39580615
8952;Schlieren;Pestalozziweg;10;8.465386177;47.39577448
8952;Schlieren;Turmstrasse;14;8.464371416;47.40089335
8102;Oberengstringen;Kirchweg;115;8.46519538;47.40639138
8102;Oberengstringen;Weidlistrasse;25.1;8.465197174;47.4129628
8048;Zürich;Dunkelhölzlistrasse;40;8.466185043;47.38867144
8952;Schlieren;Zürcherstrasse;137d;8.465526979;47.39767777
8952;Schlieren;Zürcherstrasse;137c;8.465565105;47.397497
8102;Oberengstringen;Eggstrasse;16;8.466678036;47.40933946
8102;Oberengstringen;Staldenweg;14;8.466917135;47.40955755
8102;Oberengstringen;Staldenweg;3;8.465888366;47.41024632
8102;Oberengstringen;Staldenstrasse;7;8.466742575;47.41034645
8048;Zürich;Lyrenweg;302;8.467488551;47.38498979
8048;Zürich;Talbächliweg;15;8.466674384;47.38971076
8048;Zürich;Hätzlergasse;25;8.467545601;47.39013662
8952;Schlieren;Hüblerweg;5.1;8.467434207;47.39528919
8952;Schlieren;Hüblerweg;22;8.467461885;47.39505343
8952;Schlieren;Hüblerweg;4;8.467916534;47.39519226
8952;Schlieren;Zürcherstrasse;145.2;8.467553046;47.39705228
8952;Schlieren;Bernstrasse;335;8.467406363;47.39887547
8102;Oberengstringen;Lanzrainstrasse;1;8.467060262;47.40433302
8102;Oberengstringen;Lanzrainstrasse;2.1;8.467454034;47.40573988
8102;Oberengstringen;Kirchweg;101;8.467944652;47.40582927
8102;Oberengstringen;Zürcherstrasse;94;8.467380183;47.40767071
8102;Oberengstringen;Rebbergstrasse;79c;8.467329667;47.40847518
8102;Oberengstringen;Rebbergstrasse;60;8.467543048;47.40860009
8048;Zürich;Dunkelhölzlistrasse;13a;8.468544699;47.38846151
8048;Zürich;Hätzlergasse;28;8.468477811;47.39047452
8048;Zürich;Bergliweg;20;8.469130248;47.39022219
8048;Zürich;Am Suteracher;83;8.468973796;47.39152064
8048;Zürich;Am Suteracher;81;8.469018759;47.39134359
8048;Zürich;Am Suteracher;123;8.468907071;47.3936894
8952;Schlieren;Zürcherstrasse;146.1;8.468095031;47.39504671
8952;Schlieren;Zürcherstrasse;152;8.46851102;47.39506178
8064;Zürich;Turmstrasse;43;8.468904226;47.40029055
8064;Zürich;Bernerstrasse;336;8.468567691;47.40066782
8102;Oberengstringen;Lanzrainstrasse;1.2;8.468590431;47.40358553
8102;Oberengstringen;Kirchweg;68;8.468426591;47.40626325
8102;Oberengstringen;Kirchweg;60;8.468961381;47.40614112
8102;Oberengstringen;Zürcherstrasse;80;8.469215958;47.40719588
8102;Oberengstringen;Zürcherstrasse;88.1;8.4684982;47.40754943
8102;Oberengstringen;Zürcherstrasse;88;8.468544285;47.40744948
8102;Oberengstringen;Eggstrasse;19;8.468425855;47.40918551
8048;Zürich;Rautistrasse;379;8.470160465;47.38828714
8048;Zürich;Rautistrasse;381;8.470243809;47.38843387
8048;Zürich;Dachslernstrasse;193;8.470061988;47.39240069
8048;Zürich;Dachslernstrasse;191;8.470239744;47.39250846
8048;Zürich;Am Suteracher;88;8.47035213;47.39213794
8048;Zürich;Feusisbergli;22a;8.470395321;47.39356544
8048;Zürich;Feusisbergli;26;8.470030943;47.39371901
8952;Schlieren;Zürcherstrasse;178;8.470472729;47.39442101
8048;Zürich;Bernerstrasse;315;8.469721135;47.39853081
8102;Oberengstringen;Lanzrainstrasse;1.1;8.469626346;47.40346954
8102;Oberengstringen;Kirchweg;79;8.470196031;47.40533392
8102;Oberengstringen;Kirchweg;54b;8.469782227;47.40619501
8102;Oberengstringen;Zwischen den Hölzern;2.1;8.470785745;47.40885634
8048;Zürich;Salzweg;23;8.471305997;47.38703775
8048;Zürich;Rautistrasse;377;8.470539118;47.38818598
8048;Zürich;Rautistrasse;369;8.471088814;47.38776065
8048;Zürich;Rautistrasse;372;8.471513881;47.3882518
8048;Zürich;Eugen-Huber-Strasse;179;8.470456526;47.38907002
8048;Zürich;Rautistrasse;376;8.470954353;47.38846229
8048;Zürich;Rautistrasse;378;8.471179467;47.38849506
8048;Zürich;Eugen-Huber-Strasse;180;8.470539405;47.38974806
8048;Zürich;Am Suteracher;35;8.470662797;47.39002288
8048;Zürich;Eugen-Huber-Strasse;168;8.471047296;47.38935457
8048;Zürich;Tischlerweg;18;8.47102593;47.39131878
8048;Zürich;Dachslernstrasse;123;8.47122634;47.3914671
8048;Zürich;Dachslernstrasse;119;8.47145092;47.3916487
8048;Zürich;Dachslernstrasse;115;8.471687175;47.39183246
8048;Zürich;Dachslernstrasse;177;8.470847278;47.39250631
8048;Zürich;Dachslernstrasse;157;8.470912502;47.39196887
8048;Zürich;Dachslernstrasse;169;8.471445048;47.39237834
8048;Zürich;Feusisbergli;18;8.47095663;47.39333115
8048;Zürich;Badenerstrasse;883;8.471227573;47.39405583
8064;Zürich;Paul-Pflüger-Strasse;118;8.471853564;47.40229383
8102;Oberengstringen;Zürcherstrasse;53;8.47140022;47.4060232
8102;Oberengstringen;Zürcherstrasse;62;8.471901504;47.4062938
8102;Oberengstringen;Rebbergstrasse;51;8.470928587;47.40703983
8102;Oberengstringen;Rebbergstrasse;47b;8.471615527;47.40687675
8102;Oberengstringen;Zürcherstrasse;64a;8.471849561;47.40658182
8048;Zürich;Rautistrasse;359;8.471856758;47.38693472
8048;Zürich;Rautistrasse;357;8.471890617;47.38679357
8048;Zürich;Rautistrasse;353;8.471947073;47.38722495
8048;Zürich;Rautistrasse;351;8.472374287;47.38707208
8048;Zürich;Rautistrasse;374;8.471791811;47.38836694
8048;Zürich;Eugen-Huber-Strasse;160;8.472110703;47.38922828
8048;Zürich;Am Suteracher;4;8.472058063;47.38976637
8048;Zürich;Neeserweg;23;8.472417969;47.390585
8048;Zürich;Neeserweg;19;8.472731444;47.39039328
8048;Zürich;Neeserweg;22;8.47288635;47.39095693
8048;Zürich;Tischlerweg;7;8.471789668;47.391408
8048;Zürich;Neeserweg;28;8.472232884;47.39134899
8048;Zürich;Dachslernstrasse;97a;8.472369183;47.39172724
8048;Zürich;Dachslernstrasse;133;8.471740734;47.39219216
8048;Zürich;Dachslernstrasse;120a;8.472380671;47.39233716
8048;Zürich;Vulkanstrasse;200;8.471886409;47.39691837
8064;Zürich;Paul-Pflüger-Strasse;103;8.472552352;47.40188574
8064;Zürich;Paul-Pflüger-Strasse;100;8.473177943;47.40229222
8102;Oberengstringen;Kirchweg;67;8.472522782;47.40500372
8102;Oberengstringen;Zürcherstrasse;58b;8.472538169;47.40628809
8102;Oberengstringen;Eggstrasse;41;8.472827145;47.4073515
8102;Oberengstringen;Eggstrasse;42;8.473221589;47.40708455
8048;Zürich;Friedhofstrasse;99;8.473461384;47.38202951
8048;Zürich;Friedhofstrasse;90;8.474037001;47.38353806
8048;Zürich;Rautistrasse;319;8.473420822;47.38578265
8048;Zürich;Rautistrasse;317;8.473448191;47.38561993
8048;Zürich;Rautistrasse;335;8.472908275;47.38612604
8048;Zürich;Rautistrasse;321;8.473403254;47.38592628
8048;Zürich;Rautihalde;30;8.473738662;47.38686135
8048;Zürich;Eugen-Huber-Strasse;147;8.473041283;47.38836173
8048;Zürich;Loogartenstrasse;31c;8.473041088;47.38930906
8048;Zürich;Loogartenstrasse;44;8.473495966;47.38972334
8048;Zürich;Neeserweg;16;8.473046018;47.39063569
8048;Zürich;Dachslernstrasse;85;8.473989811;47.39067167
8048;Zürich;Badenerstrasse;813;8.474232571;47.3924311
8102;Oberengstringen;Kirchweg;61;8.473424275;47.40488766
8102;Oberengstringen;Rebbergstrasse;37;8.47378584;47.40642694
8102;Oberengstringen;Zürcherstrasse;50a.1;8.473808238;47.40617429
8102;Oberengstringen;Rebbergstrasse;31;8.474317199;47.40628361
8102;Oberengstringen;Zwischen den Hölzern;2;8.473600039;47.4090955
8048;Zürich;Friedhofstrasse;80;8.474188109;47.38369043
8048;Zürich;Friedhofstrasse;84a;8.474774018;47.38353691
8048;Zürich;Rautihalde;25;8.474777692;47.38664627
8048;Zürich;Girhaldenstrasse;68;8.475114932;47.38638629
8048;Zürich;Girhaldenstrasse;78;8.475329224;47.38601964
8048;Zürich;Rautihalde;10;8.474280839;47.38738351
8048;Zürich;Rautihalde;29;8.474336472;47.38686103
8048;Zürich;Rautihalde;15;8.475004312;47.38694952
8048;Zürich;Schlierenberg;36;8.474697151;47.38809058
8048;Zürich;Rautihalde;1;8.474958551;47.38760607
8048;Zürich;Chriesiweg;3;8.474785559;47.38849575
8048;Zürich;Eigenheimstrasse;2;8.474897771;47.39011888
8048;Zürich;Dachslernstrasse;75;8.47525323;47.39026255
8048;Zürich;Badenerstrasse;791;8.475195896;47.39253177
8048;Zürich;Vulkanstrasse;180;8.475004828;47.39692377
8102;Oberengstringen;Kirchweg;45;8.475121864;47.40464053
8102;Oberengstringen;Zürcherstrasse;27;8.475050537;47.40513873
8102;Oberengstringen;Rebbergstrasse;6d;8.475485251;47.4067067
8102;Oberengstringen;Zwischen den Hölzern;4.1;8.475107658;47.40972542
8049;Zürich;Hauswiesenstrasse;9;8.475311356;47.41374652
8048;Zürich;Friedhofstrasse;87c;8.475871165;47.38112139
8048;Zürich;Friedhofstrasse;61g;8.476561267;47.38358475
8048;Zürich;Girhaldenweg;1;8.47575414;47.3842306
8048;Zürich;Kolibriweg;3a;8.475950554;47.38452002
8048;Zürich;Kolibriweg;2a;8.476556448;47.3846784
8048;Zürich;Girhaldenstrasse;72;8.475514857;47.38627207
8048;Zürich;Girhaldenstrasse;65;8.476107809;47.38644776
8048;Zürich;Girhaldenstrasse;71;8.476265109;47.38603042
8048;Zürich;Meientalstrasse;79;8.476406584;47.38623902
8048;Zürich;Eugen-Huber-Strasse;109;8.475612545;47.38748754
8048;Zürich;Eugen-Huber-Strasse;107;8.475843523;47.38744735
8048;Zürich;Eugen-Huber-Strasse;116;8.475533829;47.38783122
8048;Zürich;Schächenstrasse;17;8.476588323;47.38881411
8048;Zürich;Dachslernstrasse;65;8.476754955;47.38960929
8048;Zürich;Im Stückler;5;8.47673871;47.39048338
8048;Zürich;Badenerstrasse;787;8.475724376;47.39235469
8102;Oberengstringen;Kirchweg;39;8.476627445;47.4046539
8102;Oberengstringen;Rebbergstrasse;2c;8.476318426;47.40638326
8102;Oberengstringen;Rebbergstrasse;7;8.476625387;47.4058151
8102;Oberengstringen;Eggstrasse;64;8.475885437;47.40682534
8102;Oberengstringen;Eggstrasse;70;8.476294768;47.40684405
8102;Oberengstringen;Eggstrasse;72;8.476300106;47.40677527
8049;Zürich;Rütihofstrasse;69;8.476717352;47.41288783
8049;Zürich;Hurdäckerstrasse;2;8.4763365;47.41365318
8049;Zürich;Hurdäckerstrasse;2a;8.476438915;47.41374135
8047;Zürich;Albisriederstrasse;492;8.477321317;47.37366763
8048;Zürich;Friedhofstrasse;89a;8.477358258;47.38105804
8048;Zürich;Friedhofstrasse;89;8.47741905;47.38090814
8048;Zürich;Silvrettaweg;4;8.476992516;47.38386821
8048;Zürich;Silvrettaweg;12;8.477211314;47.38334249
8048;Zürich;Friedhofstrasse;60;8.476760234;47.3844246
8048;Zürich;Friedhofstrasse;59;8.477238693;47.38414804
8048;Zürich;Libellenweg;13;8.47754458;47.38576709
8048;Zürich;Meientalstrasse;78;8.477108413;47.38653522
8048;Zürich;Eugen-Huber-Strasse;68;8.477222842;47.38741303
8048;Zürich;Girhaldenstrasse;38;8.477155847;47.38829712
8048;Zürich;Girhaldenstrasse;45b;8.477428261;47.38767345
8048;Zürich;Sustenstrasse;11;8.477944519;47.38780427
8048;Zürich;Schächenstrasse;7;8.47720465;47.38856328
8048;Zürich;Girhaldenstrasse;20;8.477925197;47.38872599
8048;Zürich;Girhaldenstrasse;22;8.478000213;47.38869383
8048;Zürich;Hausäcker;1;8.476973719;47.39012605
8048;Zürich;Dachslernstrasse;61;8.477259968;47.38969852
8048;Zürich;Dachslernstrasse;57;8.477743708;47.38930256
8048;Zürich;Hausäcker;9;8.477485915;47.3905535
8048;Zürich;Farbhofstrasse;13a;8.477601231;47.39088637
8048;Zürich;Hausäcker;10b;8.477729743;47.39070912
8048;Zürich;Hausäcker;10;8.477826434;47.39064923
8048;Zürich;Farbhofstrasse;20;8.477579263;47.39137856
8048;Zürich;Badenerstrasse;755b;8.478035316;47.39139468
8049;Zürich;Rütihofstrasse;57;8.477258246;47.4127005
8047;Zürich;Lyrenweg;71;8.478973446;47.37745219
8048;Zürich;Zwischenbächen;124a;8.478464823;47.38191902
8048;Zürich;Zwischenbächen;108;8.478176485;47.38246088
8048;Zürich;Silvrettaweg;17;8.478161485;47.38333708
8048;Zürich;Silvrettaweg;19;8.478288576;47.38322584
8048;Zürich;Friedhofstrasse;45;8.479180588;47.38485915
8048;Zürich;Meientalstrasse;63;8.478727672;47.38570806
8048;Zürich;Friedhofstrasse;50;8.47884354;47.38546742
8048;Zürich;Stampfenbrunnenstrasse;25a;8.478626724;47.38641263
8048;Zürich;Eugen-Huber-Strasse;65a;8.477990208;47.38693264
8048;Zürich;Stampfenbrunnenstrasse;23;8.478760952;47.3866722
8048;Zürich;Sustenstrasse;18;8.47826563;47.38801942
8048;Zürich;Sustenstrasse;8a;8.478867745;47.38819826
8048;Zürich;Stampfenbrunnenstrasse;14;8.479117488;47.38755956
8048;Zürich;Karstlernstrasse;9;8.478809178;47.38988534
8048;Zürich;Badenerstrasse;753;8.47842079;47.39099446
8048;Zürich;Badenerstrasse;760;8.478191653;47.39192747
8048;Zürich;Micafilstrasse;18;8.478980103;47.39270123
8048;Zürich;Hermetschloostrasse;41;8.47907186;47.39300315
8064;Zürich;Bändlistrasse;158;8.479488023;47.40196688
8049;Zürich;Limmattalstrasse;410;8.479079776;47.40549013
8049;Zürich;Konrad-Ilg-Strasse;15;8.479545559;47.40609567
8049;Zürich;Giblenstrasse;67;8.478914234;47.41229326
8049;Zürich;Naglerwiesenstrasse;84a;8.479570531;47.41273181
8049;Zürich;Naglerwiesenstrasse;84;8.479710832;47.41279064
8047;Zürich;Albisriederstrasse;462;8.479229438;47.37411977
8047;Zürich;Im Schaber;3b;8.480039162;47.3743197
8047;Zürich;Im Schaber;11a;8.479859498;47.37462063
8047;Zürich;Lyrenweg;37;8.479977616;47.3761804
8047;Zürich;Lyrenweg;57;8.479480473;47.37704397
8047;Zürich;Lyrenweg;55;8.479630531;47.37690952
8047;Zürich;Lyrenweg;47;8.47997121;47.37663334
8047;Zürich;Lyrenweg;72;8.480010606;47.37699188
8047;Zürich;Lyrenweg;41a;8.4802377;47.37643966
8048;Zürich;Zwischenbächen;147;8.480216061;47.38014781
8048;Zürich;Zwischenbächen;127;8.479230428;47.38133543
8048;Zürich;Zwischenbächen;133;8.47959414;47.38111278
8048;Zürich;Algierstrasse;26a;8.480130105;47.38099586
8048;Zürich;Zwischenbächen;113;8.479502732;47.38159617
8048;Zürich;Distelweg;28a;8.479926079;47.38201947
8048;Zürich;Zwischenbächen;100;8.479313331;47.38283299
8048;Zürich;Distelweg;34;8.479514728;47.38236095
8048;Zürich;Zwischenbächen;94;8.479542199;47.38306364
8048;Zürich;Wickenweg;49;8.47995427;47.38244288
8048;Zürich;Wickenweg;55;8.480081277;47.38269837
8048;Zürich;Wickenweg;47;8.480284743;47.38250336
8048;Zürich;Wickenweg;45;8.480347273;47.38243933
8048;Zürich;Zwischenbächen;86;8.479983247;47.38352536
8048;Zürich;Zwischenbächen;87;8.480335902;47.3833394
8048;Zürich;Friedhofstrasse;33;8.47980451;47.3848122
8048;Zürich;Meientalstrasse;62a;8.47929167;47.38577288
8048;Zürich;Friedhofstrasse;14;8.479372753;47.38615201
8048;Zürich;Eugen-Huber-Strasse;56;8.479324299;47.38691068
8048;Zürich;Eugen-Huber-Strasse;54;8.47979699;47.38675399
8048;Zürich;Stampfenbrunnenstrasse;15;8.479729203;47.38761093
8048;Zürich;Kelchweg;18;8.479623303;47.38914366
8048;Zürich;Kelchweg;7;8.480073039;47.38925361
8048;Zürich;Kelchweg;1;8.480420565;47.38985291
8048;Zürich;Hohlstrasse;680;8.480457304;47.39169553
8064;Zürich;Bändlistrasse;148c;8.479946384;47.40069398
8049;Zürich;Bombachhalde;10;8.480841853;47.40449169
8049;Zürich;Limmattalstrasse;404a;8.479747403;47.405615
8049;Zürich;Riedhofstrasse;380;8.480604321;47.40981199
8049;Zürich;Naglerwiesenstrasse;47;8.48079814;47.41246507
8049;Zürich;Naglerwiesenstrasse;86;8.479790188;47.4127856
8049;Zürich;Naglerwiesenstrasse;78;8.479957324;47.41308915
8049;Zürich;Naglerwiesenstrasse;68;8.48051499;47.41288512
8047;Zürich;Im Schaber;9;8.481137373;47.37476387
8047;Zürich;Lyrenweg;11;8.481383302;47.37506317
8047;Zürich;Lyrenweg;46;8.480919202;47.37605263
8047;Zürich;Lyrenweg;48;8.481195979;47.37615574
8047;Zürich;Bockhornstrasse;43a;8.480387232;47.37686661
8047;Zürich;Bockhornstrasse;37;8.480986847;47.37679502
8047;Zürich;Bockhornstrasse;28;8.481283474;47.37697235
8047;Zürich;Diggelmannstrasse;35;8.480858167;47.37845806
8047;Zürich;Untermoosstrasse;41a;8.481357292;47.37879898
8047;Zürich;Untermoosstrasse;27;8.481470387;47.37852562
8047;Zürich;Diggelmannstrasse;22;8.481577449;47.3781585
8048;Zürich;Distelweg;14;8.480699087;47.38138515
8048;Zürich;Distelweg;3;8.480847825;47.38071336
8048;Zürich;Distelweg;10;8.480901645;47.38121986
8048;Zürich;Wickenweg;15;8.481061354;47.38142948
8048;Zürich;Wickenweg;5;8.481227722;47.38129021
8048;Zürich;Wickenweg;9;8.481414487;47.38141647
8048;Zürich;Wickenweg;31;8.480697622;47.38211353
8048;Zürich;Erlenstrasse;16;8.481482773;47.38279397
8048;Zürich;Zwischenbächen;20;8.480818504;47.38481556
8048;Zürich;Rautistrasse;167;8.48107298;47.38421904
8048;Zürich;Friedhofstrasse;9;8.480590133;47.38567655
8048;Zürich;Zwischenbächen;18;8.480672054;47.38502515
8048;Zürich;Eugen-Huber-Strasse;42a;8.480970513;47.3865507
8048;Zürich;Friedhofstrasse;5;8.480979661;47.38579141
8048;Zürich;Eugen-Huber-Strasse;38a;8.481360023;47.38639818
8048;Zürich;Malojaweg;23a;8.480913039;47.38699467
8048;Zürich;Feldblumenstrasse;18;8.481393121;47.38678266
8048;Zürich;Malojaweg;4;8.481453791;47.38721225
8048;Zürich;Malojaweg;22;8.480838815;47.38771528
8048;Zürich;Dachslernstrasse;10;8.481151355;47.38828726
8048;Zürich;Dachslernstrasse;20;8.480696771;47.38859828
8048;Zürich;Dachslernstrasse;8;8.481673293;47.38847539
8048;Zürich;Badenerstrasse;733;8.480673037;47.38942275
8048;Zürich;Badenerstrasse;731;8.480901939;47.38964052
8048;Zürich;Badenerstrasse;725a;8.481555688;47.38936059
8048;Zürich;Badenerstrasse;723;8.481814715;47.38935382
8048;Zürich;Werdhölzlistrasse;13b;8.481379295;47.39063227
8048;Zürich;Robert-Seidel-Hof;63;8.481792699;47.39084634
8064;Zürich;Bändlistrasse;95;8.48132956;47.39742411
8064;Zürich;Bändlistrasse;110c;8.48176113;47.39964401
8064;Zürich;Bändlistrasse;140f;8.481571696;47.40163159
8064;Zürich;Bändlistrasse;140;8.482070454;47.40186532
8049;Zürich;Bombachhalde;20;8.480935702;47.40417438
8049;Zürich;Bombachhalde;12;8.481068071;47.4044532
8049;Zürich;Limmattalstrasse;390;8.481669897;47.40544169
8049;Zürich;Riedhofstrasse;357c;8.482097735;47.40865817
8049;Zürich;Riedhofstrasse;370;8.481925245;47.40937673
8049;Zürich;Giblenstrasse;44;8.48207189;47.41209889
8049;Zürich;Naglerwiesenstrasse;50;8.481400095;47.41297854
8049;Zürich;Naglerwiesenstrasse;36;8.481589845;47.41305052
8049;Zürich;Naglerwiesenstrasse;37;8.481760414;47.41266545
8049;Zürich;Naglerwiesenstrasse;31;8.481948452;47.4127461
8049;Zürich;Naglerwiesenstrasse;27;8.482145509;47.4127724
8049;Zürich;Naglerwiesenstrasse;42;8.481611119;47.41353065
8055;Zürich;Birmensdorferstrasse;677;8.481948996;47.36863347
8047;Zürich;Lyrenweg;10;8.481948334;47.3749388
8047;Zürich;Lyrenweg;14;8.482029418;47.37526036
8047;Zürich;Bockhornstrasse;27;8.481874444;47.37623243
8047;Zürich;Bockhornstrasse;20;8.482513882;47.37613848
8047;Zürich;Diggelmannstrasse;9;8.482287363;47.37691493
8047;Zürich;Greblerweg;16;8.482075157;47.37763073
8047;Zürich;Greblerweg;8;8.482104194;47.37817374
8047;Zürich;Untermoosstrasse;14a;8.482529628;47.37883374
8047;Zürich;Untermoosstrasse;4;8.482883434;47.37842334
8048;Zürich;Altstetterstrasse;254;8.481920626;47.37988616
8047;Zürich;Untermoosstrasse;38;8.482539253;47.37983294
8048;Zürich;Algierstrasse;17a;8.48176172;47.38066687
8048;Zürich;Algierstrasse;14;8.481922038;47.38135471
8048;Zürich;Algierstrasse;9;8.482485256;47.38125744
8048;Zürich;Erlenstrasse;5a;8.481901115;47.38177355
8048;Zürich;Erlenstrasse;4;8.482368262;47.38187203
8048;Zürich;Arvenweg;3a;8.482572232;47.38197106
8048;Zürich;Arvenweg;5a;8.48257765;47.38213479
8048;Zürich;Eulenweg;21;8.481978981;47.38306879
8048;Zürich;Arvenweg;11;8.48218041;47.38259076
8048;Zürich;Eulenweg;10;8.482840506;47.38264903
8048;Zürich;Rautistrasse;159;8.481792851;47.38401336
8048;Zürich;Feldblumenstrasse;42;8.481824248;47.38483586
8048;Zürich;Eugen-Huber-Strasse;37;8.482151862;47.38570928
8048;Zürich;Feldblumenstrasse;41;8.482158916;47.3850299
8048;Zürich;Eugen-Huber-Strasse;28b;8.48296535;47.38590514
8048;Zürich;Spirgartenstrasse;22;8.482791324;47.38671332
8048;Zürich;Dachslernstrasse;4;8.482067582;47.38824708
8048;Zürich;Dachslernstrasse;2;8.482314618;47.38792181
8048;Zürich;Badenerstrasse;717;8.482514603;47.38904211
8048;Zürich;Robert-Seidel-Hof;41;8.482763986;47.39070846
8048;Zürich;Werdhölzlistrasse;1a;8.481965592;47.39173711
8048;Zürich;Hohlstrasse;639;8.482244407;47.39175065
8048;Zürich;Robert-Seidel-Hof;28;8.48257262;47.39144116
8048;Zürich;Vulkanstrasse;112c;8.482867278;47.39369487
8048;Zürich;Vulkanstrasse;112;8.483098567;47.39420532
8064;Zürich;Bernerstrasse Nord;226;8.482095178;47.39645057
8064;Zürich;Bändlistrasse;69a;8.482407796;47.39725245
8064;Zürich;Bändlistrasse;66;8.483226683;47.39727546
8064;Zürich;Bändlistrasse;114;8.482927164;47.39909857
8064;Zürich;Bändlistrasse;140a;8.482595189;47.40169093
8049;Zürich;Imbisbühlstrasse;155;8.482370991;47.40642972
8049;Zürich;Imbisbühlstrasse;147;8.482960394;47.40624213
8049;Zürich;Imbisbühlstrasse;153;8.482475627;47.40653813
8049;Zürich;Riedhoferrain;20;8.482904144;47.40797826
8049;Zürich;Riedhofstrasse;351a;8.483071048;47.40845906
8049;Zürich;Reinhold-Frei-Strasse;59;8.483098789;47.41022669
8049;Zürich;Regensdorferstrasse;189a;8.483514518;47.41190758
8049;Zürich;Naglerwiesenstrasse;10;8.482387477;47.4134649
8047;Zürich;Hagenbuchrain;36;8.483872644;47.37180992
8047;Zürich;Hagenbuchrain;26;8.483266777;47.3723182
8047;Zürich;Hagenbuchrain;24a;8.48344665;47.3723286
8047;Zürich;Hagenbuchrain;14;8.483802812;47.37262646
8047;Zürich;Hagenbuchrain;8a;8.483075312;47.37348616
8047;Zürich;Im Kratz;7b;8.483345128;47.37382907
8047;Zürich;Im Kratz;3a;8.483412379;47.37391811
8047;Zürich;Triemlistrasse;6;8.483537377;47.37401728
8047;Zürich;Triemlistrasse;5;8.483679421;47.3741349
8047;Zürich;Albisriederstrasse;368;8.483656142;47.3749562
8047;Zürich;Albisriederstrasse;362;8.483873192;47.37536963
8047;Zürich;Albisriederstrasse;387;8.48388685;47.37462373
8047;Zürich;Bockhornstrasse;1;8.48353187;47.37609457
8047;Zürich;Hallerweg;9;8.483684599;47.37543037
8047;Zürich;Altstetterstrasse;330a;8.483713167;47.37605401
8047;Zürich;Diggelmannstrasse;1;8.482916644;47.37630424
8047;Zürich;Altstetterstrasse;311;8.483974024;47.37663001
8047;Zürich;Altstetterstrasse;294;8.483052806;47.37791841
8047;Zürich;Altstetterstrasse;299;8.483545455;47.37784808
8047;Zürich;Altstetterstrasse;279;8.483860304;47.37862914
8047;Zürich;Breitenlooweg;3;8.483923675;47.37930733
8047;Zürich;Altstetterstrasse;260;8.483165305;47.38015666
8048;Zürich;Altstetterstrasse;239;8.483752308;47.38104147
8048;Zürich;Altstetterstrasse;235;8.483787334;47.38133306
8048;Zürich;Altstetterstrasse;216;8.483317517;47.38283336
8048;Zürich;Altstetterstrasse;209;8.484092512;47.38251175
8048;Zürich;Rautistrasse;130;8.483668144;47.38391592
8048;Zürich;Eugen-Huber-Strasse;19b;8.483419867;47.38508178
8048;Zürich;Eugen-Huber-Strasse;19d;8.483512227;47.38516252
8048;Zürich;Spirgartenstrasse;18;8.483312132;47.38683687
8048;Zürich;Spirgartenstrasse;14;8.483595952;47.38697386
8048;Zürich;Spirgartenstrasse;6a;8.484158824;47.38759936
8048;Zürich;Jakob-Fügli-Strasse;18;8.484007636;47.38872576
8048;Zürich;Badenerstrasse;696a;8.484040735;47.38911661
8048;Zürich;Bachmattstrasse;52;8.483391184;47.38971052
8048;Zürich;Bachmattstrasse;50;8.483756152;47.38982272
8048;Zürich;Badenerstrasse;696;8.484090093;47.3893215
8048;Zürich;Robert-Seidel-Hof;17;8.483442533;47.39036497
8048;Zürich;Robert-Seidel-Hof;2;8.483592974;47.39084373
8048;Zürich;Hohlstrasse;614c;8.48372973;47.39197601
8048;Zürich;Juchstrasse;1c;8.483537453;47.39433094
8064;Zürich;Bändlistrasse;124;8.483343554;47.40083684
8049;Zürich;Winzerhalde;93;8.484521436;47.40296224
8049;Zürich;Winzerhalde;95;8.48381126;47.40315938
8049;Zürich;Imbisbühlsteig;3;8.48393369;47.40670768
8049;Zürich;Imbisbühlsteig;6a;8.484465081;47.4066792
8049;Zürich;Imbisbühlsteig;9;8.484440851;47.40747574
8049;Zürich;Reinhold-Frei-Strasse;65;8.48387213;47.41057966
8049;Zürich;Regensdorferstrasse;187;8.483687848;47.4120869
8047;Zürich;Hagenbuchrain;104;8.484592116;47.36926479
8047;Zürich;Brünneliacker;7a;8.484941531;47.37171498
8047;Zürich;Brünneliacker;5;8.485150717;47.37162143
8047;Zürich;Brünneliacker;6;8.485243412;47.37194623
8047;Zürich;Hagenbuchrain;13;8.484364113;47.37221425
8047;Zürich;Schützenrain;2;8.485032849;47.37282699
8047;Zürich;Triemlistrasse;11;8.484393246;47.37374117
8047;Zürich;Püntstrasse;13;8.484793373;47.37403841
8047;Zürich;Triemlistrasse;23a;8.48523962;47.37397863
8047;Zürich;Triemlistrasse;25;8.485331447;47.37368783
8047;Zürich;Püntstrasse;10;8.484319654;47.37478019
8047;Zürich;Albisriederstrasse;377a;8.484541198;47.37498849
8047;Zürich;Albisriederstrasse;371;8.484739813;47.37519702
8047;Zürich;Albisriederstrasse;369;8.484911337;47.37524906
8047;Zürich;Altstetterstrasse;325;8.484264061;47.37633462
8047;Zürich;In der Breiti;11;8.484859147;47.37792456
8047;Zürich;Bachwiesenstrasse;115;8.485308479;47.37734858
8048;Zürich;Feldblumenweg;14;8.484278549;47.38143516
8048;Zürich;Feldblumenweg;10;8.484496531;47.38172785
8048;Zürich;Feldblumenweg;15;8.484988554;47.38221552
8048;Zürich;Zielackerstrasse;41;8.484433976;47.3829721
8048;Zürich;Feldblumenweg;7;8.484549588;47.38243121
8048;Zürich;Zielackerstrasse;37;8.484698305;47.38276066
8048;Zürich;Zielackerstrasse;35;8.484845677;47.38264372
8048;Zürich;Zielackerstrasse;31a;8.48508989;47.38238527
8048;Zürich;Rautistrasse;111;8.485324423;47.38279735
8048;Zürich;Zwyssigstrasse;15;8.484928088;47.38340844
8048;Zürich;Altstetterstrasse;193;8.484653239;47.38413737
8048;Zürich;Zwyssigstrasse;4;8.485477774;47.38441292
8048;Zürich;Altstetterstrasse;180;8.484851969;47.38555354
8048;Zürich;Altstetterstrasse;172;8.485116134;47.38602389
8048;Zürich;Pfarrhausstrasse;25;8.484434061;47.38710496
8048;Zürich;Badenerstrasse;682;8.485258275;47.38817926
8048;Zürich;Herrligstrasse;39;8.484864634;47.38863351
8048;Zürich;Herrligstrasse;33;8.485083482;47.38896788
8048;Zürich;Segnesstrasse;10;8.485293506;47.38841388
8048;Zürich;Bachmattstrasse;16;8.48440443;47.3907637
8048;Zürich;Bachmattstrasse;25;8.484841334;47.39080851
8048;Zürich;Bachmattweg;12;8.48528748;47.39090169
8048;Zürich;Herrligstrasse;16;8.48545247;47.39055918
8048;Zürich;Bachmattstrasse;2;8.48462038;47.39148194
8048;Zürich;Bachmattweg;3;8.485225256;47.39137672
8048;Zürich;Bachmattstrasse;5;8.485265324;47.3914407
8048;Zürich;Hohlstrasse;615a;8.485312408;47.39158476
8048;Zürich;Bachmattweg;7;8.485448334;47.39123597
8048;Zürich;Hohlstrasse;612;8.484470279;47.39203207
8064;Zürich;Bändliweg;7;8.485588489;47.3957914
8064;Zürich;Bändlistrasse;39;8.484980758;47.39615645
8064;Zürich;Bändlistrasse;37c;8.485192777;47.39627308
8064;Zürich;Bändlistrasse;116e;8.485374654;47.398556
8049;Zürich;Werdinsel;14;8.485656148;47.40036236
8049;Zürich;Winzerhalde;88;8.485584113;47.40289296
8049;Zürich;Bombachstrasse;32;8.485088292;47.4053563
8049;Zürich;Imbisbühlstrasse;113;8.485945598;47.40551423
8049;Zürich;Imbisbühlsteig;10;8.485070121;47.40629428
8049;Zürich;Imbisbühlsteig;10a;8.485163558;47.40645415
8049;Zürich;Reinhold-Frei-Strasse;23;8.485190703;47.40903905
8049;Zürich;Reinhold-Frei-Strasse;68;8.48537346;47.40975159
8049;Zürich;Giblenstrasse;19;8.485123913;47.41062094
8049;Zürich;Giblenstrasse;15;8.485134288;47.41032956
8049;Zürich;Regensdorferstrasse;166a;8.486029791;47.41093058
8049;Zürich;Heizenholz;47;8.485242215;47.41165408
8047;Zürich;Rossackerstrasse;149b;8.485883867;47.37099912
8047;Zürich;Goldackerweg;18;8.486542213;47.37076725
8047;Zürich;Schützenrain;16;8.485437088;47.37185717
8047;Zürich;Triemlistrasse;46;8.486369452;47.37239918
8047;Zürich;Triemlistrasse;25a;8.485442991;47.37364317
8047;Zürich;In der Wässeri;39;8.486097078;47.37343542
8047;Zürich;In der Wässeri;25;8.486598799;47.37361674
8047;Zürich;Püntstrasse;3;8.485747744;47.37482144
8047;Zürich;Albisriederstrasse;358;8.485554023;47.37558029
8047;Zürich;Albisriederstrasse;354;8.485971848;47.37560589
8047;Zürich;Wydlerweg;23;8.485734483;47.37686297
8047;Zürich;Wydlerweg;15;8.485876323;47.37632049
8047;Zürich;Wydlerweg;19a;8.486344606;47.37685672
8047;Zürich;Bachwiesenstrasse;115c;8.485686099;47.37725146
8047;Zürich;Bachwiesenstrasse;113;8.485761044;47.37751802
8047;Zürich;Bachwiesenstrasse;111a;8.485862303;47.37764373
8047;Zürich;Bachwiesenstrasse;52;8.486476234;47.3794178
8048;Zürich;Feldblumenweg;33;8.485546949;47.38104258
8048;Zürich;Feldblumenweg;25;8.485871587;47.38163252
8048;Zürich;Rautistrasse;107a;8.486038101;47.38264152
8048;Zürich;Rautistrasse;103;8.486326871;47.38252378
8048;Zürich;Rautistrasse;99;8.486634345;47.38237061
8048;Zürich;Rautistrasse;112;8.485674345;47.38316111
8048;Zürich;Saumackerstrasse;100;8.486284768;47.38353839
8048;Zürich;Saumackerstrasse;96;8.486786562;47.38377845
8048;Zürich;Eugen-Huber-Strasse;7;8.486222185;47.3844578
8048;Zürich;Eugen-Huber-Strasse;5;8.486475134;47.38442201
8048;Zürich;Lindenplatz;4;8.485886111;47.38722914
8048;Zürich;Altstetterstrasse;157;8.486705459;47.38693781
8048;Zürich;Segnesstrasse;7;8.486325032;47.38849829
8048;Zürich;Altstetterstrasse;140;8.486565419;47.38853672
8048;Zürich;Meier-Bosshard-Strasse;14;8.485666936;47.38931969
8048;Zürich;Meier-Bosshard-Strasse;12a;8.485939518;47.38941698
8048;Zürich;Bachmattweg;13a;8.485743648;47.39131331
8048;Zürich;Herrligstrasse;2a;8.485790053;47.39121247
8048;Zürich;Hohlstrasse;611;8.48591467;47.39140925
8048;Zürich;Herostrasse;12a;8.486383149;47.39407207
8048;Zürich;Bernerstrasse Süd;169;8.486136364;47.39453294
8064;Zürich;Grünauring;37;8.486393839;47.3963322
8049;Zürich;Winzerhalde;76;8.486896131;47.40210065
8049;Zürich;Winzerstrasse;99;8.486800561;47.40257705
8049;Zürich;Winzerstrasse;112c;8.486193199;47.40340838
8049;Zürich;Limmattalstrasse;341;8.486297963;47.40357576
8049;Zürich;Limmattalstrasse;320;8.487077483;47.40418926
8049;Zürich;Imbisbühlstrasse;103;8.486594795;47.40526642
8049;Zürich;Bombachstrasse;3;8.487111363;47.40489555
8049;Zürich;Bombachstrasse;1;8.487219781;47.40502878
8049;Zürich;Imbisbühlstrasse;122;8.48629091;47.40609994
8049;Zürich;Imbisbühlstrasse;126;8.48633346;47.40575262
8049;Zürich;Imbisbühlstrasse;110;8.487181418;47.40596885
8049;Zürich;Riedhofstrasse;287d;8.486872335;47.40699787
8049;Zürich;Riedhofstrasse;283e;8.487084603;47.40694096
8049;Zürich;Riedhofstrasse;253;8.487164017;47.4066492
8049;Zürich;Regensdorferstrasse;161;8.48609155;47.41045403
8049;Zürich;Regensdorferstrasse;157;8.486095907;47.41024701
8049;Zürich;Regensdorferstrasse;155;8.486254927;47.41008868
8049;Zürich;Regensdorferstrasse;158;8.486331871;47.41066051
8049;Zürich;Regensdorferstrasse;158a;8.486357033;47.41061329
8049;Zürich;Regensdorferstrasse;144a;8.486840525;47.41019179
8049;Zürich;Regensdorferstrasse;136a;8.487126307;47.41003795
8049;Zürich;Regensdorferstrasse;164a;8.486266991;47.41093584
8049;Zürich;Heizenholz;38;8.486883414;47.41113162
8047;Zürich;Rossackerstrasse;133;8.487270201;47.37067081
8047;Zürich;Im Heimgärtli;6;8.487718151;47.37090768
8047;Zürich;Goldackerweg;8;8.4865964;47.37161753
8047;Zürich;Goldackerweg;6a;8.4874734;47.37136089
8047;Zürich;Goldackerweg;4;8.487625659;47.37148208
8047;Zürich;Langgrütweg;90;8.487497401;47.37272071
8047;Zürich;Langgrütweg;92;8.487666213;47.3724986
8047;Zürich;Albisriederstrasse;347;8.486717598;47.3753554
8048;Zürich;Luggwegstrasse;140;8.487744192;47.38289811
8048;Zürich;Luggwegstrasse;142;8.487882128;47.38266947
8048;Zürich;Saumackerstrasse;107;8.487227664;47.38350089
8048;Zürich;Saumackerstrasse;95;8.487438436;47.38405784
8048;Zürich;Saumackerstrasse;89;8.487480828;47.38431953
8048;Zürich;Grimselstrasse;40;8.488009318;47.38513849
8048;Zürich;Saumackerstrasse;68;8.487555325;47.38604886
8048;Zürich;Saumackerstrasse;52a;8.487953527;47.38688983
8048;Zürich;Badenerstrasse;658;8.487977732;47.38751503
8048;Zürich;Bristenstrasse;30;8.487633364;47.38893146
8048;Zürich;Baslerstrasse;145;8.487460757;47.3893854
8048;Zürich;Baslerstrasse;143;8.487700725;47.38930534
8048;Zürich;Bristenstrasse;16;8.488061021;47.39000791
8048;Zürich;Altstetterstrasse;119c;8.487198339;47.39012251
8048;Zürich;Bristenstrasse;16a;8.487862401;47.39004277
8048;Zürich;Hohlstrasse;598;8.48792604;47.39158492
8048;Zürich;Herostrasse;7;8.4877422;47.39413484
8064;Zürich;Bernerstrasse Nord;176;8.487501424;47.3950417
8064;Zürich;Bernerstrasse Nord;160;8.488099607;47.39471594
8064;Zürich;Bernerstrasse Nord;164;8.488275403;47.39500499
8049;Zürich;Talchernsteig;1;8.487625025;47.40267914
8049;Zürich;Winzerstrasse;89a;8.48766683;47.40215325
8049;Zürich;Talchernsteig;5;8.487863559;47.40293699
8049;Zürich;Limmattalstrasse;328;8.487689979;47.40364104
8049;Zürich;Imbisbühlstrasse;96b;8.487227866;47.40537691
8049;Zürich;Imbisbühlstrasse;91;8.487567861;47.4048791
8049;Zürich;Riedhofstrasse;283;8.487310158;47.40689199
8049;Zürich;Wildenweg;11;8.488155981;47.40806738
8049;Zürich;Regensdorferstrasse;113;8.487557362;47.40938661
8049;Zürich;Heizenholz;4b;8.488379193;47.40936177
8055;Zürich;Birmensdorferstrasse;616;8.487873726;47.36815
8047;Zürich;Rossackerstrasse;117;8.488321187;47.36972803
8047;Zürich;Rossackerstrasse;112;8.488884198;47.36967138
8047;Zürich;Rossackerstrasse;128;8.487867252;47.37051329
8047;Zürich;Triemlistrasse;86a;8.48877623;47.37088366
8047;Zürich;Triemlistrasse;86;8.488928738;47.37083798
8047;Zürich;Goldackerweg;3;8.48794456;47.37135318
8047;Zürich;Eyhof;33;8.489021792;47.37164696
8047;Zürich;Langgrütweg;87;8.488677632;47.37262502
8047;Zürich;In der Ey;15;8.488137125;47.37468911
8047;Zürich;In der Ey;15a;8.488274407;47.37479897
8047;Zürich;Langgrütstrasse;192;8.488950542;47.37503261
8047;Zürich;Albisriederstrasse;330a;8.488161379;47.37605278
8047;Zürich;Albisriederstrasse;327a;8.488205;47.37540655
8047;Zürich;Fellenbergstrasse;307;8.488483717;47.37555585
8047;Zürich;Fellenbergstrasse;303;8.488548837;47.37543729
8047;Zürich;Else-Züblin-Strasse;66;8.488363448;47.3764882
8047;Zürich;Albisriederstrasse;318;8.488872458;47.37700732
8047;Zürich;Albisriederstrasse;320;8.488940876;47.37686324
8047;Zürich;Else-Züblin-Strasse;59;8.488445099;47.37740186
8047;Zürich;Else-Züblin-Strasse;37;8.488718361;47.37758088
8047;Zürich;Freilagerstrasse;79;8.488596701;47.37913842
8048;Zürich;Freilagerstrasse;92a;8.488566744;47.38144963
8048;Zürich;Luggwegstrasse;136a;8.488256578;47.38310162
8048;Zürich;Luggwegstrasse;135;8.488580768;47.38260184
8048;Zürich;Luggwegstrasse;129;8.488767111;47.38301673
8048;Zürich;Luggwegstrasse;130b;8.488386823;47.38345285
8048;Zürich;Saumackerstrasse;81c;8.488426504;47.38445747
8048;Zürich;Saumackerstrasse;81a;8.488662057;47.38430914
8048;Zürich;Grimselstrasse;35;8.488779976;47.38457231
8048;Zürich;Furkastrasse;15;8.488588082;47.38651516
8048;Zürich;Grimselstrasse;14;8.488776362;47.38623658
8048;Zürich;Badenerstrasse;659;8.488422704;47.38712611
8048;Zürich;Badenerstrasse;651a;8.489021496;47.38694088
8048;Zürich;Furkastrasse;10;8.48935767;47.38659396
8048;Zürich;Saumackerstrasse;37;8.488622391;47.38754396
8048;Zürich;Calandastrasse;15;8.488966425;47.38808943
8048;Zürich;Baslerstrasse;141;8.488203224;47.38910129
8048;Zürich;Saumackerstrasse;34a;8.488632877;47.3885877
8048;Zürich;Saumackerstrasse;30a;8.488650368;47.38862976
8048;Zürich;Bristenstrasse;17;8.488415028;47.38990262
8048;Zürich;Bristenstrasse;3;8.488696846;47.39057708
8048;Zürich;Hohlstrasse;561;8.488972702;47.39058451
8048;Zürich;Altstetterplatz;12;8.489301906;47.39131719
8048;Zürich;Vulkanplatz;33;8.489236714;47.39227073
8048;Zürich;Bernerstrasse Süd;155;8.488559307;47.39399316
8064;Zürich;Grünauring;14;8.489557438;47.39552251
8064;Zürich;Tüffenwies;33;8.488753071;47.39738645
8064;Zürich;Tüffenwies;31;8.489553316;47.39725656
8049;Zürich;Talchernstrasse;9;8.488778397;47.4027546
8049;Zürich;Limmattalstrasse;296;8.489148387;47.40352952
8049;Zürich;Lachenacker;11;8.489119739;47.40620284
8049;Zürich;Regensdorferstrasse;78a;8.489641666;47.40782595
8049;Zürich;Segantinistrasse;202a;8.489666717;47.40848517
8049;Zürich;Segantinistrasse;200a;8.489821058;47.40885798
8049;Zürich;Heizenholz;2a;8.488822477;47.40904348
8047;Zürich;Rosshalde;5;8.489284643;47.36883085
8047;Zürich;Rossackerstrasse;83;8.489657703;47.36869056
8047;Zürich;Rossackerstrasse;69;8.489930043;47.36846969
8047;Zürich;Rossackerstrasse;108;8.489067692;47.36952254
8047;Zürich;Rossackerstrasse;104;8.489248537;47.36937374
8047;Zürich;Triemlistrasse;104;8.489609804;47.36972234
8047;Zürich;Triemlistrasse;102;8.489964641;47.36967824
8047;Zürich;Eyhof;31;8.489213841;47.37173637
8047;Zürich;Eyhof;23;8.489644394;47.37178306
8047;Zürich;Eyhof;7;8.490043772;47.37138906
8047;Zürich;In der Ey;46;8.490330406;47.37243573
8047;Zürich;In der Ey;30;8.489846195;47.37322504
8047;Zürich;In der Ey;36;8.489899978;47.37282603
8047;Zürich;In der Ey;29;8.489868631;47.37398937
8047;Zürich;Langgrütstrasse;187;8.489198604;47.3745792
8047;Zürich;Grütstrasse;56;8.489629227;47.37583176
8047;Zürich;Grütstrasse;54;8.489726224;47.3759123
8047;Zürich;Liebensteinstrasse;8;8.490423846;47.37565205
8047;Zürich;Else-Züblin-Strasse;13;8.489555943;47.3768304
8047;Zürich;Albisriederstrasse;299;8.490239436;47.37648558
8047;Zürich;Else-Züblin-Strasse;19;8.489278135;47.37731823
8047;Zürich;Albisriederstrasse;308;8.489808232;47.37710079
8047;Zürich;Hädrichstrasse;6a;8.490249918;47.37905465
8047;Zürich;Freilagerstrasse;71;8.489287075;47.38025277
8047;Zürich;Rautistrasse;67;8.489372911;47.38159525
8048;Zürich;Rautistrasse;68a;8.490342528;47.38296946
8048;Zürich;Luggwegstrasse;109;8.489378063;47.38418486
8048;Zürich;Luggwegstrasse;85;8.490407837;47.3840199
8048;Zürich;Luggwegstrasse;65;8.490355446;47.3853462
8048;Zürich;Furkastrasse;7b;8.489440629;47.38634244
8048;Zürich;Furkastrasse;7;8.489604705;47.3862834
8048;Zürich;Furkastrasse;8;8.489647186;47.38654894
8048;Zürich;Badenerstrasse;631;8.490106406;47.38693487
8048;Zürich;Calandastrasse;3;8.489998081;47.38765075
8048;Zürich;Baslerstrasse;129;8.489541622;47.38863486
8048;Zürich;Hohlstrasse;558;8.490376418;47.39107912
8048;Zürich;Vulkanplatz;22;8.490204904;47.39203389
8048;Zürich;Aargauerstrasse;244;8.4901858;47.39293519
8048;Zürich;Aargauerstrasse;240;8.49046732;47.39283031
8048;Zürich;Geerenweg;14;8.490622081;47.3931754
8064;Zürich;Meierwiesenstrasse;62;8.490328957;47.39477905
8064;Zürich;Tüffenwies;28i;8.490400361;47.39749782
8064;Zürich;Tüffenwies;28k;8.49056545;47.39746555
8049;Zürich;Winzerstrasse;55;8.489888755;47.4010213
8049;Zürich;Winzerstrasse;49;8.490325368;47.4011596
8049;Zürich;Winzerstrasse;53a;8.490121659;47.40128298
8049;Zürich;Winzerstrasse;60a;8.490185882;47.40193317
8049;Zürich;Vorhaldenstrasse;43;8.490867936;47.40146385
8049;Zürich;Talchernstrasse;3;8.489839593;47.40261073
8049;Zürich;Bombachsteig;8;8.490296084;47.40360569
8049;Zürich;Lachenacker;2a;8.490643106;47.40550269
8049;Zürich;Lachenacker;14;8.490320621;47.4060842
8049;Zürich;Riedhofstrasse;90;8.491028386;47.40571324
8049;Zürich;Lachenacker;21;8.489865987;47.40657432
8049;Zürich;Lachenacker;18;8.490255849;47.40649187
8049;Zürich;Regensdorferstrasse;79;8.490590932;47.40667161
8049;Zürich;Segantinistrasse;215;8.49014522;47.40758365
8049;Zürich;Segantinistrasse;192b;8.490038851;47.4085538
8049;Zürich;Segantinistrasse;186;8.491066316;47.40824953
8049;Zürich;Kappenbühlstrasse;155;8.49083426;47.41136307
8047;Zürich;Rossackerstrasse;47;8.490651323;47.36818074
8047;Zürich;Rossackerstrasse;32;8.491499379;47.36817926
8047;Zürich;Triemlistrasse;114;8.490388806;47.36926843
8047;Zürich;Triemlistrasse;122;8.490732001;47.36888751
8047;Zürich;Triemlistrasse;132a;8.491543611;47.36914108
8047;Zürich;Triemlistrasse;110;8.490394739;47.36958925
8047;Zürich;In der Ey;78;8.491421334;47.3700005
8047;Zürich;In der Ey;41;8.491335372;47.37276481
8047;Zürich;Langgrütstrasse;161;8.490588848;47.37421985
8047;Zürich;Langgrütstrasse;159;8.490835145;47.37382684
8047;Zürich;Langgrütstrasse;160;8.4912407;47.37442461
8047;Zürich;Fellenbergstrasse;285a;8.4907914;47.37493331
8047;Zürich;Fellenbergstrasse;277a;8.491360199;47.37498407
8047;Zürich;Liebensteinstrasse;6b;8.490728363;47.37587226
8047;Zürich;Liebensteinstrasse;6a;8.490749174;47.375823
8047;Zürich;Fellenbergstrasse;286;8.490790298;47.37541688
8047;Zürich;Albisriederstrasse;291;8.49071188;47.37672785
8047;Zürich;Grütstrasse;26;8.491418972;47.37685825
8047;Zürich;Albisriederstrasse;276;8.491723951;47.3776248
8047;Zürich;Hädrichstrasse;7a;8.491176051;47.37812349
8047;Zürich;Freilagerstrasse;19;8.49162373;47.37869586
8047;Zürich;Rautistrasse;33;8.49167535;47.38092117
8048;Zürich;Luggwegstrasse;67c;8.491706831;47.38224637
8048;Zürich;Luggwegstrasse;81;8.490621703;47.38396829
8048;Zürich;Badenerstrasse;627;8.491796531;47.38616909
8048;Zürich;Baslerstrasse;116;8.491496667;47.38823498
8048;Zürich;Baslerstrasse;114a;8.491916413;47.38807252
8048;Zürich;Luggwegstrasse;10;8.491045817;47.38909555
8048;Zürich;Luggwegstrasse;10;8.491066459;47.38912064
8048;Zürich;Hohlstrasse;543;8.491049921;47.39002432
8048;Zürich;Vulkanplatz;10;8.491662901;47.39153585
8048;Zürich;Vulkanplatz;3;8.491439404;47.39196975
8048;Zürich;Geerenweg;16;8.490975823;47.3928775
8048;Zürich;Geerenweg;10;8.491125161;47.39313297
8048;Zürich;Aargauerstrasse;210;8.491262903;47.39264376
8048;Zürich;Geerenweg;13;8.491549435;47.39300389
8064;Zürich;Meierwiesenstrasse;58;8.490958045;47.39511632
8064;Zürich;Tüffenwies;17;8.491269275;47.39666434
8064;Zürich;Tüffenwies;26;8.49206395;47.39735642
8064;Zürich;Tüffenwies;22;8.492049533;47.3978695
8049;Zürich;Winzerhalde;20a;8.491784581;47.4001408
8049;Zürich;Winzerhalde;26;8.492095015;47.4002904
8049;Zürich;Winzerhalde;18;8.49215672;47.39995515
8049;Zürich;Winzerstrasse;35;8.491338247;47.40082577
